"gene","subtype","n_methods_significant","expr_fold_change","target_expression","expr_fdr","target_rank"
"MBTD1","scne",1,0,0,NA,0.0124671916010499
"BOLL","scne",1,0,0,NA,0.0124671916010499
"FAM9A","scne",1,180.213675948339,0.260674335440312,NA,0.0597112860892388
"SYCP1","scne",1,46.8775004932159,0.197320784653627,NA,0.0505249343832021
"PHOX2B","scne",1,34.9838152625209,0.78827981293459,NA,0.110892388451444
"ASCL1","scne",1,25.7934954506155,2.48291403799097,NA,0.288713910761155
"MEIOC","scne",1,21.8161606628887,0.0242949259508146,NA,0.020997375328084
"ACTL6B","scne",1,20.1330567573661,0.573889162330914,NA,0.0905511811023622
"MYOG","scne",1,19.4332369371247,1.13996423571396,NA,0.137795275590551
"ASZ1","scne",1,18.8685401964262,0.503030535011233,NA,0.083989501312336
"FGF8","scne",1,14.7468651631917,0.588298836435282,NA,0.0938320209973753
"STRA8","scne",1,14.745277483987,0.0336892015678054,NA,0.0236220472440945
"TUBA3D","scne",1,12.1707263546828,0.618090422774136,NA,0.0977690288713911
"REC114","scne",1,12.0019247308055,0.164973643623048,NA,0.0439632545931759
"HFM1","scne",1,11.7627113718437,0.709106515771632,NA,0.103674540682415
"KASH5","scne",1,9.63470310212285,0.19738077759244,NA,0.0511811023622047
"HEPACAM2","scne",1,9.59773246439967,3.65064966813528,NA,0.485564304461942
"FOXG1","scne",1,9.53526227760442,0.395462366893305,NA,0.073490813648294
"DRD2","scne",1,9.3592776579114,1.34741686872182,NA,0.162073490813648
"EDN3","scne",1,9.20957379350864,1.25148479403625,NA,0.149606299212598
"NLRP5","scne",1,8.95768907942554,0.071368629099119,NA,0.0301837270341207
"ESX1","scne",1,8.82683413162994,0.517696022553499,NA,0.0853018372703412
"WEE2","scne",1,8.72016018358912,0.159966107354008,NA,0.0426509186351706
"BRINP2","scne",1,8.43770045017348,0.996975796859331,NA,0.128608923884514
"TDRD1","scne",1,8.34624566282699,0.744046694887634,NA,0.106955380577428
"FBXO43","scne",1,7.48675912826867,0.721831108897039,NA,0.10498687664042
"RBM46","scne",1,6.55311918535329,0.587264817867249,NA,0.0925196850393701
"DPF1","scne",1,6.31351613619789,1.73246373906153,NA,0.19750656167979
"KIF18B","scne",1,6.0259899587378,0.132947088191959,NA,0.0393700787401575
"MAJIN","scne",1,6.01575471926972,0.398428267361401,NA,0.0741469816272966
"SEPTIN12","scne",1,5.80548961620067,0.0935054194299966,NA,0.0341207349081365
"NANOS3","scne",1,5.70566822060505,0.609742377421416,NA,0.0971128608923885
"PROX1","scne",1,5.66261657073355,2.6881922754743,NA,0.314304461942257
"NPPC","scne",1,5.62874670352048,1.8494836007578,NA,0.206692913385827
"CNTD1","scne",1,5.5699432994976,0.46844601389567,NA,0.0800524934383202
"BRSK2","scne",1,5.22006465770112,1.39703706362517,NA,0.167979002624672
"EXD1","scne",1,5.14348169957054,0.0474773243778879,NA,0.0255905511811024
"KCNH5","scne",1,5.06189168772188,0.604542954553422,NA,0.0958005249343832
"SLC25A31","scne",1,5.03257269712779,0.0298251263447242,NA,0.0229658792650919
"USH1C","scne",1,4.83135353605683,0.806790655577154,NA,0.112204724409449
"TERT","scne",1,4.82648354295824,0.412401271336338,NA,0.0767716535433071
"TEX19","scne",1,4.7066786899499,0.514477418619215,NA,0.0846456692913386
"TTBK1","scne",1,4.50793846761532,0.670001610930982,NA,0.101049868766404
"TRIM36","scne",1,4.48555328762541,3.84758570791937,NA,0.525590551181102
"GFI1B","scne",1,4.25429252768876,0.47464764797492,NA,0.0813648293963255
"FSD1","scne",1,4.0594559043945,2.97397067277484,NA,0.352362204724409
"POU4F1","scne",1,3.96430670971194,1.51597905407427,NA,0.181102362204724
"RFPL1","scne",1,3.90024713316292,0.101141804063652,NA,0.0347769028871391
"MSH4","scne",1,3.88535665504767,0.210897030207268,NA,0.0531496062992126
"TRIM71","scne",1,3.88393544676443,0.340316837136029,NA,0.0669291338582677
"CEP295NL","scne",1,3.85403499917589,0.165724443871314,NA,0.0446194225721785
"BRINP1","scne",1,3.8461878180769,1.50239556532589,NA,0.179133858267717
"RNF212","scne",1,3.84510442405873,1.40796198084993,NA,0.169291338582677
"BRME1","scne",1,3.79703386283956,1.50026175814708,NA,0.178477690288714
"TEX15","scne",1,3.78768431240195,0.524307478922364,NA,0.0859580052493438
"DACH1","scne",1,3.68641515554049,2.61544887527108,NA,0.301181102362205
"TUBB2B","scne",1,3.63838446377377,6.07878021086855,NA,0.893044619422572
"SYCE2","scne",1,3.61501391864113,2.2443082950461,NA,0.258530183727034
"DMRT1","scne",1,3.59985897517176,0.235145533477725,NA,0.0551181102362205
"MAPK15","scne",1,3.54594753810822,1.04801623544494,NA,0.131233595800525
"GAS2","scne",1,3.34914714696701,2.24258004868,NA,0.257217847769029
"DEUP1","scne",1,3.23100662451061,0.109594409278618,NA,0.036745406824147
"EFHC1","scne",1,3.18573844970319,0.988872959611726,NA,0.127296587926509
"HOXC9","scne",1,3.1396776173966,2.18305234887074,NA,0.248031496062992
"DBF4","scne",1,3.11956192603892,1.59953846402934,NA,0.188976377952756
"DCDC1","scne",1,3.03328848973888,0.371080742839881,NA,0.0708661417322835
"BRSK1","scne",1,2.96849106689564,2.59417109790766,NA,0.298556430446194
"WNT10B","scne",1,2.93483400918338,1.30260162439866,NA,0.156167979002625
"SEPTIN3","scne",1,2.85425242522522,3.61060302683057,NA,0.475721784776903
"TUBA8","scne",1,2.6959363717833,1.40336741872307,NA,0.168635170603675
"CGREF1","scne",1,2.6312240595719,1.83481558222528,NA,0.205380577427822
"ANKLE1","scne",1,2.60127552236221,1.20307330457404,NA,0.144356955380577
"OOEP","scne",1,2.56204507922497,0.657555095463606,NA,0.100393700787402
"STK33","scne",1,2.54866275423064,2.13132898429383,NA,0.240813648293963
"SYCP2","scne",1,2.5416408091142,2.1641356998029,NA,0.245406824146982
"APC","scne",1,2.45154568627185,0.249064169276026,NA,0.0564304461942257
"SLC26A8","scne",1,2.24975059913815,0.0885102660531394,NA,0.0321522309711286
"NKX3-1","scne",1,2.1812966173292,3.88843421204186,NA,0.532152230971129
"GPR3","scne",1,2.16493251401968,1.17431099534626,NA,0.141732283464567
"NPM2","scne",1,2.16315514908655,1.76281784622376,NA,0.199475065616798
"GPSM1","scne",1,2.15022982912576,3.04830033606382,NA,0.362860892388451
"USP51","scne",1,2.14408919627697,2.07129543255364,NA,0.226377952755905
"TP73","scne",1,2.13676397276789,2.28360990745319,NA,0.26246719160105
"INHA","scne",1,2.13585996108314,0.738073537786378,NA,0.106299212598425
"TESMIN","scne",1,2.12995584048808,2.11709209966609,NA,0.236220472440945
"CENPV","scne",1,2.03760818936765,4.29819634346663,NA,0.624015748031496
"L3MBTL1","scne",1,2.02203884258145,1.18487891825961,NA,0.143044619422572
"E2F7","scne",1,2.00827360940796,2.90795429184967,NA,0.343175853018373
"MX2","scne",1,0.501756267398758,2.12630232667889,NA,0.238845144356955
"PLD6","scne",1,1.97269484170214,3.12174451132931,NA,0.375984251968504
"WDR62","scne",1,1.9642097039722,2.26950976819629,NA,0.260498687664042
"CDKL3","scne",1,1.95660871286602,0.8596710338692,NA,0.116797900262467
"CDK5R1","scne",1,1.92828128152946,3.38739867027431,NA,0.426509186351706
"SIK1","scne",1,0.521337882178375,0.954503276827812,NA,0.124015748031496
"EME1","scne",1,1.87197524741465,2.42170294225418,NA,0.278871391076115
"GADD45G","scne",1,1.85492606173948,5.13818755313244,NA,0.767716535433071
"CCNK","scne",1,0.541436151084535,1.00102554999419,NA,0.129265091863517
"BRCA2","scne",1,1.80471517380305,1.12334932824794,NA,0.136482939632546
"PSRC1","scne",1,1.75805460243737,4.80507649702745,NA,0.711942257217848
"POLA1","scne",1,1.73060180719288,1.26378374653956,NA,0.152887139107612
"CIT","scne",1,1.72396281579583,2.45988387824109,NA,0.284120734908136
"DYNC1H1","scne",1,1.71410149983729,1.48761943052736,NA,0.177165354330709
"ATAD5","scne",1,1.7131711729499,2.52172634050092,NA,0.292650918635171
"CKAP5","scne",1,1.62748632244504,1.33636613115469,NA,0.16010498687664
"CDC14A","scne",1,1.6227820098819,3.65463154138876,NA,0.486876640419947
"ASAH2","scne",1,1.60017787634632,0.870129348593079,NA,0.118110236220472
"SEPTIN5","scne",1,1.56002829125899,3.77275892423775,NA,0.509842519685039
"DSCC1","scne",1,1.55914218013806,4.38588399150157,NA,0.640419947506562
"TIMELESS","scne",1,1.5286350461956,3.20034719594265,NA,0.391076115485564
"MTBP","scne",1,1.52718411264301,3.12922374345037,NA,0.377952755905512
"CENPJ","scne",1,1.52327038643088,2.28596010198716,NA,0.263779527559055
"CEP152","scne",1,1.52256239342871,2.34477153480292,NA,0.268372703412073
"SNX33","scne",1,0.657729657146437,1.9985098683909,NA,0.221128608923885
"PML","scne",1,0.666242088176629,2.72603302298581,NA,0.324803149606299
"BARD1","scne",1,1.50081745548538,3.22090014768548,NA,0.396325459317585
"EML3","scne",1,0.670026940639098,1.52104570117166,NA,0.181758530183727
"INCA1","scne",1,1.4911557535707,1.05006963391491,NA,0.131889763779528
"APBB1","scne",1,1.48817431711014,0.862619318488405,NA,0.11745406824147
"RMI1","scne",1,1.47061870949897,4.7663098919275,NA,0.707349081364829
"ASNS","scne",1,1.46583697998055,6.16681325258644,NA,0.898950131233596
"CEP97","scne",1,1.45218989444502,3.04053062034189,NA,0.360236220472441
"DBF4B","scne",1,1.44837744561571,1.54427552757791,NA,0.183727034120735
"STXBP4","scne",1,1.44468424416237,1.82794745538231,NA,0.203412073490814
"FBXO5","scne",1,1.43694769063109,5.04413531214383,NA,0.75
"CCDC61","scne",1,0.696611486996741,2.11714270574701,NA,0.236876640419947
"PLEC","scne",1,0.697624928241345,3.02351037613363,NA,0.356955380577428
"FBXO6","scne",1,0.698416795112812,3.06890137131099,NA,0.368110236220472
"GBF1","scne",1,0.7006613879895,2.20093633270379,NA,0.250656167979003
"TMEM67","scne",1,1.42001923004508,2.5149735419166,NA,0.291338582677165
"PRPF4B","scne",1,1.41810436206666,2.46510329698059,NA,0.285433070866142
"RAD1","scne",1,1.40298029651089,4.35515927858583,NA,0.635170603674541
"MAP9","scne",1,1.38848102391308,2.30646994503449,NA,0.266404199475066
"TADA2A","scne",1,1.37450662118796,1.34958085152775,NA,0.163385826771654
"CCP110","scne",1,1.37420386540754,4.22098367870367,NA,0.605643044619423
"CCSAP","scne",1,1.37256064015067,3.78728695533774,NA,0.511154855643045
"CDK19","scne",1,1.36647594631638,4.23721200112321,NA,0.611548556430446
"TARDBP","scne",1,1.36572054873447,5.13243210443775,NA,0.766404199475066
"CEP76","scne",1,1.3605196847784,3.3708049601133,NA,0.423884514435696
"UBE2S","scne",1,1.35069549929325,5.51200533870158,NA,0.829396325459318
"POLE","scne",1,1.34790876090691,2.68736289478351,NA,0.313648293963255
"PPP2R2D","scne",1,1.34652916710413,1.57317111896151,NA,0.185695538057743
"SLF1","scne",1,1.34208965437084,1.99780661938606,NA,0.220472440944882
"CDK8","scne",1,1.3366858584619,3.43308131118094,NA,0.436351706036745
"NUDT6","scne",1,1.32970553312827,3.21736631888149,NA,0.39501312335958
"TBCE","scne",1,1.32831863909709,2.39241314537134,NA,0.276246719160105
"BCL7A","scne",1,1.3248922532632,3.96965386175739,NA,0.551837270341207
"BCL6","scne",1,0.758466628470339,3.63365523671644,NA,0.481627296587927
"TOP3A","scne",1,1.30666293127819,3.50799268350773,NA,0.451443569553806
"USP37","scne",1,1.29754738919897,3.20407225942622,NA,0.393700787401575
"NLE1","scne",1,1.29732130329036,2.6682530200724,NA,0.310367454068241
"E2F3","scne",1,1.29595190086712,4.70051506449085,NA,0.693569553805774
"ING5","scne",1,1.29502268955776,3.56113604742629,NA,0.466535433070866
"LRP6","scne",1,1.29470336983049,2.699452540987,NA,0.318897637795276
"CGRRF1","scne",1,1.28995848857047,4.28413692245817,NA,0.619422572178478
"TUBE1","scne",1,1.28408616850076,3.43172916649448,NA,0.434383202099738
"SUN1","scne",1,1.2829577010929,4.27968227515561,NA,0.618766404199475
"POGZ","scne",1,1.28280182213348,5.28392966501655,NA,0.797244094488189
"MYH10","scne",1,1.28038572145355,3.65347468176542,NA,0.486220472440945
"MYH9","scne",1,0.781391643191807,5.22001233745871,NA,0.785433070866142
"CRY1","scne",1,1.27461039986118,4.61647635621721,NA,0.679790026246719
"LMNA","scne",1,0.786243342289456,4.98777096082931,NA,0.740157480314961
"SERTAD1","scne",1,0.786751528763534,3.51160194763619,NA,0.454068241469816
"MAD2L2","scne",1,1.26577022300457,6.77003618867974,NA,0.941601049868766
"ORC4","scne",1,1.2604002394444,3.61504268308036,NA,0.478346456692913
"MZT1","scne",1,1.2574189890871,5.81024686404822,NA,0.863517060367454
"TAOK3","scne",1,0.796371448239478,3.50285839309901,NA,0.450787401574803
"CEP295","scne",1,1.25560863234557,3.58241644749312,NA,0.471128608923885
"DDX11","scne",1,1.25021523893598,3.81051837747436,NA,0.516404199475066
"TRIM21","scne",1,0.803161826927591,3.7887153834466,NA,0.511811023622047
"HAUS1","scne",1,1.24186158096124,6.90576640293152,NA,0.948818897637795
"TFAP4","scne",1,1.2370529881162,3.37535080394326,NA,0.424540682414698
"MBIP","scne",1,1.23406258006799,4.98234522037473,NA,0.738188976377953
"APPL2","scne",1,1.23300730270937,5.35296024694203,NA,0.807742782152231
"CCNB1IP1","scne",1,1.23215378778783,6.53730392600835,NA,0.928477690288714
"TOPBP1","scne",1,1.22519108348121,4.70524939018319,NA,0.694225721784777
"TENT4A","scne",1,1.22434511724307,4.28448857572402,NA,0.62007874015748
"IQGAP1","scne",1,0.816819501912099,4.50925385474558,NA,0.664041994750656
"CIB1","scne",1,0.817198382965077,5.86332385440131,NA,0.868110236220472
"YEATS4","scne",1,1.22229514954082,6.03903500753655,NA,0.890419947506562
"BCR","scne",1,0.818776688855645,3.146637353451,NA,0.380577427821522
"SPAST","scne",1,1.22074066598057,4.03356416077968,NA,0.570209973753281
"TRIM37","scne",1,1.21783910627522,4.22280824660013,NA,0.606955380577428
"PPP3CA","scne",1,1.21476535265194,5.40663838997396,NA,0.812992125984252
"ZFP36L2","scne",1,0.825781895606694,5.34686281048045,NA,0.806430446194226
"ESCO1","scne",1,1.20942944460012,4.54244875762624,NA,0.670603674540682
"ATF5","scne",1,1.20928230210461,6.06862446042897,NA,0.89238845144357
"CEP44","scne",1,1.20799090240902,3.53952819687418,NA,0.46259842519685
"HAUS6","scne",1,1.20742527008355,3.98074236726948,NA,0.55511811023622
"ZFP36L1","scne",1,0.828855446760327,6.02299098907873,NA,0.887795275590551
"ERCC2","scne",1,1.20414735250625,2.69457190436172,NA,0.316929133858268
"MAP3K11","scne",1,0.831261090266285,3.76693345897469,NA,0.507874015748031
"RAD21","scne",1,1.20027020648083,7.18856434597196,NA,0.958661417322835
"DDIT3","scne",1,1.19494484237379,6.73156358157932,NA,0.938976377952756
"KLHDC8B","scne",1,0.83816239259514,3.39905934037678,NA,0.429133858267717
"ARL3","scne",1,1.19080777638507,4.59820280965864,NA,0.677165354330709
"PHIP","scne",1,1.19054089717709,3.82630953667378,NA,0.521653543307087
"DPF2","scne",1,1.18672438204723,2.42311440178403,NA,0.279527559055118
"UCHL5","scne",1,1.18412311894855,4.16529028905184,NA,0.591207349081365
"PLSCR1","scne",1,0.846077124591931,5.26280985890478,NA,0.796587926509186
"INTS7","scne",1,1.18123236561006,4.21366090853265,NA,0.603674540682415
"THAP5","scne",1,1.17969272639938,4.68354714867135,NA,0.688976377952756
"HNRNPU","scne",1,1.17677066971269,6.37498252616829,NA,0.917322834645669
"MIS12","scne",1,1.17337463254488,5.14795157664603,NA,0.771653543307087
"BIN3","scne",1,0.854096903229496,3.59038963236411,NA,0.47244094488189
"ETAA1","scne",1,1.16889884126075,3.29086551434988,NA,0.40748031496063
"MAPRE3","scne",1,1.16789285068478,3.66991444755299,NA,0.490813648293963
"BID","scne",1,0.858231014624267,5.14231695890703,NA,0.769028871391076
"BOD1","scne",1,1.16440984387896,6.12287841991984,NA,0.894356955380577
"ING3","scne",1,1.16418593558732,4.39560112986321,NA,0.644356955380577
"RINT1","scne",1,1.16374890953464,4.19724842937513,NA,0.597769028871391
"LIPA","scne",1,0.860750749098321,5.25120883547662,NA,0.793307086614173
"SEH1L","scne",1,1.1579363267087,5.41971427217984,NA,0.815616797900262
"STAG2","scne",1,1.15373650769663,4.59329274083601,NA,0.676509186351706
"NSMCE2","scne",1,1.15029444367961,5.64546501642247,NA,0.845144356955381
"LLGL1","scne",1,1.14807729314716,4.01246482575096,NA,0.56758530183727
"CHMP1A","scne",1,0.871108651517782,5.01571038993281,NA,0.743438320209974
"MMS19","scne",1,0.871742556279236,3.35660533009122,NA,0.418635170603675
"CDC5L","scne",1,1.14703363444201,4.7634009287588,NA,0.706692913385827
"HAUS3","scne",1,1.1464447474157,3.46169158983942,NA,0.441601049868766
"TMOD3","scne",1,0.874227470705706,3.80723959634886,NA,0.51509186351706
"ZNF655","scne",1,0.875151075343988,3.9994657148386,NA,0.561679790026247
"RUVBL1","scne",1,1.14257152505621,6.26301980021335,NA,0.906167979002625
"WDR12","scne",1,1.14210397358375,3.10890840441093,NA,0.374015748031496
"NABP2","scne",1,1.14168896083868,5.91493368146928,NA,0.874671916010499
"VPS4A","scne",1,0.876596874444628,3.40707353982979,NA,0.429790026246719
"MNAT1","scne",1,1.13880723852961,4.94255042176454,NA,0.729658792650919
"EIF4G1","scne",1,0.87974291961157,4.8372740272644,NA,0.717191601049869
"AKAP8L","scne",1,1.13647485464613,4.65860114602282,NA,0.685695538057743
"CDK4","scne",1,1.13571085341938,7.28625754241929,4.1794345762014e-11,0.96259842519685
"ZW10","scne",1,1.13509454259181,4.20194345962317,NA,0.601049868766404
"WDR5","scne",1,1.13197676164069,5.09170674296086,NA,0.758530183727034
"RBM14","scne",1,1.13067835035346,5.65093606724458,NA,0.845800524934383
"MRE11","scne",1,1.13008312791561,4.09028677422831,NA,0.58005249343832
"AHCTF1","scne",1,1.13007253621774,3.84934961229285,NA,0.526902887139108
"PHACTR4","scne",1,1.1283874779726,3.72617732832321,NA,0.501312335958005
"CHEK2","scne",1,1.12596354372413,3.84400739695118,2.8718643093247e-06,0.524278215223097
"INO80B","scne",1,0.889590415969667,3.71168415203313,NA,0.498687664041995
"PIN1","scne",1,1.12266806440164,6.75209963447146,NA,0.940288713910761
"SPIN1","scne",1,1.12230054319275,5.54943773387312,NA,0.834645669291339
"PRMT5","scne",1,1.11860018739652,6.22701057452744,NA,0.903543307086614
"RAE1","scne",1,1.11345150841386,5.36825043850873,NA,0.809055118110236
"BUB3","scne",1,1.11037172325027,7.00838764771565,NA,0.952099737532808
"TIPRL","scne",1,1.10844271493486,5.85021216415791,NA,0.866797900262467
"ANAPC5","scne",1,1.1082559498676,5.56104315049898,NA,0.835958005249344
"NEDD1","scne",1,1.10732625755371,4.27764025635691,NA,0.61745406824147
"WIZ","scne",1,1.10646521723365,3.94980242674864,NA,0.542650918635171
"ANAPC7","scne",1,1.1057466580895,5.25377726559972,NA,0.793963254593176
"METTL3","scne",1,1.1034732822658,5.0388612083397,NA,0.748031496062992
"ING2","scne",1,1.0999461818907,3.05881768097581,NA,0.365485564304462
"CLOCK","scne",1,1.09976074625493,2.97841462286139,NA,0.353674540682415
"TP53BP2","scne",1,1.09667305832607,4.27894379661695,NA,0.618110236220472
"XPO1","scne",1,1.09487801811231,6.19339455081673,NA,0.899606299212598
"ANAPC10","scne",1,1.09281955853002,4.45577772550923,NA,0.654855643044619
"SDE2","scne",1,1.0913894081813,3.96778716474961,NA,0.550524934383202
"PRCC","scne",1,1.09011494150535,5.98459372649225,NA,0.883202099737533
"MCMBP","scne",1,1.08999780788449,5.05186024092589,NA,0.75262467191601
"YWHAE","scne",1,1.08798298645184,9.42257689852723,NA,0.98753280839895
"KHDRBS1","scne",1,1.08721984917978,7.35790247067621,NA,0.964566929133858
"CHTF8","scne",1,0.920634603124869,5.52715037563444,NA,0.832020997375328
"HAUS2","scne",1,1.08438387840193,3.81325830427524,NA,0.517060367454068
"CTNNB1","scne",1,1.07945372036997,8.12860477167975,4.1794345762014e-11,0.976377952755906
"RDX","scne",1,1.07855510255317,5.22120619533449,NA,0.786089238845144
"RAN","scne",1,1.07767350072019,7.62684998062822,NA,0.970472440944882
"KMT5A","scne",1,1.07712949587593,4.722886374376,NA,0.698162729658793
"UBE2L3","scne",1,0.928789673383595,5.46662427031284,NA,0.823490813648294
"CHMP2A","scne",1,0.929228948953732,7.14877302318898,NA,0.957349081364829
"IPO5","scne",1,1.07536295311543,5.50501961761246,NA,0.826771653543307
"EXOC3","scne",1,0.931027138225726,4.36104934286338,NA,0.637139107611549
"UNC119","scne",1,1.0733022426711,5.45540763385907,NA,0.821522309711286
"PNPT1","scne",1,1.07278172514352,3.14724310529475,NA,0.381233595800525
"PDS5A","scne",1,1.07124571363559,5.2413069206956,NA,0.789370078740158
"YY1","scne",1,1.07079508487928,6.15109750736344,NA,0.896325459317585
"PRPF19","scne",1,1.06921676776921,6.8439823355212,NA,0.94750656167979
"ACTR2","scne",1,0.935961456270618,7.00401322942045,NA,0.951443569553806
"TAF10","scne",1,0.936333074508852,6.01317232314113,NA,0.885826771653543
"PSMD10","scne",1,1.0666577148053,6.77656052597313,NA,0.942913385826772
"MORF4L2","scne",1,1.06442057712425,8.30743124267459,NA,0.979002624671916
"YEATS2","scne",1,1.06330158091339,3.99946432558085,NA,0.561023622047244
"PPM1A","scne",1,1.0626388258177,4.89957518217091,NA,0.72244094488189
"BCCIP","scne",1,1.06216971700213,6.69722709751311,NA,0.937664041994751
"DRG1","scne",1,1.06023569265154,6.27510157974921,NA,0.908136482939633
"EIF4E","scne",1,1.05939972799751,6.269326263234,NA,0.906824146981627
"PSME1","scne",1,0.947230170585525,8.34971646654833,NA,0.979658792650919
"REEP3","scne",1,0.948652151832957,4.25841191069067,NA,0.613517060367454
"ZNF207","scne",1,1.04713255652502,7.22564928176357,NA,0.960629921259842
"SH3GLB1","scne",1,0.955666368407311,6.04001809531733,NA,0.891076115485564
"TOP1","scne",1,1.04337253934472,6.01220148787074,NA,0.885170603674541
"NAT10","scne",1,0.959583065900622,4.24590495756586,NA,0.612860892388451
"TSG101","scne",1,1.03268871583304,6.63701811888305,NA,0.934383202099738
